Tempos,Pacotes
2855.49870467186,109636
2673.4825208187103,109636
2703.6153168678284,109636
2652.3240427970886,109636
2641.321836709976,109636
2564.18772649765,109636
2670.903890609741,109636
2639.325459241867,109636
2667.9377043247223,109636
2597.506656885147,109636
2669.485991001129,109636
